{
  "dataset": "eval/retrieval.golden.jsonl",
  "k_values": [
    1,
    3,
    5
  ],
  "reports": [
    {
      "mode": "vector",
      "metrics": {
        "queries": 48,
        "answerable_queries": 43,
        "mrr": 0.9651162790697675,
        "avg_latency_ms": 5.613125,
        "p95_latency_ms": 7.07,
        "no_answer_accuracy": 0.0,
        "hit_at_1": 0.9534883720930233,
        "recall_at_1": 0.9534883720930233,
        "hard_negative_free_at_1": 0.375,
        "hit_at_3": 0.9767441860465116,
        "recall_at_3": 0.9767441860465116,
        "hard_negative_free_at_3": 0.25,
        "hit_at_5": 0.9767441860465116,
        "recall_at_5": 0.9767441860465116,
        "hard_negative_free_at_5": 0.0
      }
    },
    {
      "mode": "hybrid",
      "metrics": {
        "queries": 48,
        "answerable_queries": 43,
        "mrr": 1.0,
        "avg_latency_ms": 8.832083333333333,
        "p95_latency_ms": 15.88,
        "no_answer_accuracy": 1.0,
        "hit_at_1": 1.0,
        "recall_at_1": 1.0,
        "hard_negative_free_at_1": 1.0,
        "hit_at_3": 1.0,
        "recall_at_3": 1.0,
        "hard_negative_free_at_3": 0.625,
        "hit_at_5": 1.0,
        "recall_at_5": 1.0,
        "hard_negative_free_at_5": 0.625
      }
    }
  ]
}
